anninhthudo.vn,101
antv.gov.vn,101
baobongda.com.vn,101
baochinhphu.vn,101
baocongthuong.com.vn,101
baodansinh.vn,101
baodatviet.vn,101
baodauthau.vn,101
baodautu.vn,101
baodientu.bqp.vn,101
baodientu.chinhphu.vn,101
baodulich.net.vn,101
baohaiquanvietnam.vn,101
baohiemxahoi.gov.vn,101
baokiemtoannhanuoc.vn,101
baophapluat.vn,101
baoquankhu2.com.vn,101
baoquankhu7.vn,101
baoquocte.vn,101
baotainguyenmoitruong.vn,101
baotintuc.vn,101
baovanhoa.vn,101
baovephapluat.vn,101
bds.tinnhanhchungkhoan.vn,101
bienphong.com.vn,101
bnews.vn,101
bongda.com.vn,101
bongdaplus.vn,101
caa.gov.vn,101
cand.com.vn,101
chatluongvacuocsong.vn,101
chinhphu.vn,101
congan.com.vn,101
congluan.vn,101
congly.vn,101
congthuong.vn,101
cpv.org.vn,101
daibieunhandan.vn,101
daidoanket.vn,101
dangcongsan.vn,101
dantri.com.vn,101
danviet.vn,101
doisongphapluat.com,101
forbesvietnam.com.vn,101
giadinh.net.vn,101
giadinhvietnam.com,101
giaoduc.edu.vn,101
haiquanonline.com.vn,101
hanoimoi.com.vn,101
hanoitv.vn,101
hoanhap.vn,101
ictnews.vietnamnet.vn,101
infomoney.vn,101
infonet.vn,101
khoahocphothong.com.vn,101
kiemsat.vn,101
kienthuc.net.vn,101
kinhtedothi.vn,101
kinhtevadubao.com.vn,101
laodong.vn,101
laodongthudo.vn,101
mic.gov.vn,101
news.zing.vn,101
ngaynay.vn,101
nguoitieudung.com.vn,101
nhandan.com.vn,101
nhandantv.vn,101
nld.com.vn,101
phapluatxahoi.vn,101
phongkhongkhongquan.vn,101
phunuonline.com.vn,101
phunuvietnam.vn,101
plo.vn,101
portal.vtc.gov.vn,101
qdnd.vn,101
qpvn.vn,101
quochoitv.vn,101
quocphongthudo.vn,101
seatimes.com.vn,101
sggp.org.vn,101
sovhtt.hanoi.gov.vn,101
svvn.vn,101
tamnhin.net,101
tamnhin.net.vn,101
tapchicongsan.org.vn,101
tapchicongthuong.vn,101
tapchidantoc.ubdt.gov.vn,101
tapchigiaothong.vn,101
tapchimattran.vn,101
tapchiyhocduphong.vn,101
tbdn.com.vn,101
thanhnien.vn,101
thanhnienviet.vn,101
thanhtra.com.vn,101
thegioitiepthi.info,101
theleader.vn,101
thesaigontimes.vn,101
thethao.sggp.org.vn,101
thethaohangngay.com.vn,101
thethaohcm.vn,101
thethaovanhoa.vn,101
thethaovietnam.vn,101
thieunien.vn,101
thitruong.nld.com.vn,101
thoibaokinhdoanh.vn,101
thoibaotaichinhvietnam.com.vn,101
thoibaotaichinhvietnam.vn,101
thoidai.com.vn,101
thoivietbao.vn,101
thuonggiaonline.vn,101
thuonghieucongluan.com.vn,101
thuonghieuvaphapluat.vn,101
thuongtruong.com.vn,101
tienphong.vn,101
toquoc.vn,101
trian.vn,101
tuoitre.vn,101
tuoitrethudo.com.vn,101
tuyengiao.vn,101
vanhoadoisong.vn,101
vietnamhoinhap.vn,101
vietnamnet.vn,101
vietnamplus.vn,101
vietnet24h.vn,101
viettimes.vn,101
vnanet.vn,101
vnbtimes.vn,101
vneconomy.vn,101
vnexpress.net,101
voh.com.vn,101
vov.vn,101
vov1.vn,101
vov2.vn,101
vov3.vn,101
vov4.vn,101
vovworld.vn,101
vtc.vn,101
vtv.vn,101
vtv4.vtv.vn,101
xaydungdang.org.vn,101
nhandan.org.vn,101
suckhoedoisong.vn,101
thanhtravietnam.vn,101
hochiminhcity.gov.vn,101
amp.vtc.vn,101
kinhtetrunguong.vn,101
open.dantri.com.vn,101
cdnweb.dantri.com.vn,101
moj.gov.vn,101
vov1.vov.vn,101
ct.qdnd.vn,101
24hbinhphuoc.com.vn,102
angiang.gov.vn,102
anhp.vn,102
bacgiang.gov.vn,102
bacgiangtv.vn,102
baclieu.gov.vn,102
bacninh.gov.vn,102
baoangiang.com.vn,102
baoanhdatmui.vn,102
baobacgiang.com.vn,102
baobackan.org.vn,102
baobaclieu.vn,102
baobariavungtau.com.vn,102
baobinhdinh.com.vn,102
baobinhduong.vn,102
baobinhphuoc.com.vn,102
baobinhthuan.com.vn,102
baocamau.com.vn,102
baocantho.com.vn,102
baodaklak.vn,102
baodaknong.org.vn,102
baodanang.vn,102
baodienbienphu.info.vn,102
baodongkhoi.vn,102
baodongnai.com.vn,102
baodongthap.org.vn,102
baogialai.com.vn,102
baohagiang.vn,102
baohaiduong.vn,102
baohaiphong.com.vn,102
baohanam.com.vn,102
baohatinh.vn,102
baohaugiang.com.vn,102
baohoabinh.com.vn,102
baokhanhhoa.vn,102
baokontum.com.vn,102
baokontum.vn,102
baolaichau.vn,102
baolamdong.vn,102
baolangson.vn,102
baolaocai.vn,102
baolongan.vn,102
baonamdinh.com.vn,102
baonghean.vn,102
baoninhbinh.org.vn,102
baoninhthuan.com.vn,102
baophutho.vn,102
baoquangbinh.vn,102
baoquangnam.vn,102
baoquangngai.vn,102
baoquangninh.com.vn,102
baoquangtri.vn,102
baosoctrang.org.vn,102
baosonla.org.vn,102
baotayninh.vn,102
baothaibinh.com.vn,102
baothainguyen.org.vn,102
baothainguyen.vn,102
baothanhhoa.vn,102
baothuathienhue.vn,102
baovinhlong.com.vn,102
baovinhphuc.com.vn,102
baoyenbai.com.vn,102
bentre.gov.vn,102
binhduong.gov.vn,102
binhphuoc.gov.vn,102
binhthuan.gov.vn,102
bqlkkt.gialai.gov.vn,102
camau.gov.vn,102
conganbackan.vn,102
congankhanhhoa.gov.vn,102
congannghean.vn,102
congbao.backan.gov.vn,102
congbao.quangninh.gov.vn,102
congdoan.bentre.gov.vn,102
congdoan.quangtri.gov.vn,102
daklak.gov.vn,102
danang24h.vn,102
dienbien.gov.vn,102
dongnai.gov.vn,102
gialai.gov.vn,102
gialaitv.vn,102
hagiangtv.vn,102
haiduong.gov.vn,102
haiphong.gov.vn,102
hatinh24h.com.vn,102
haugiang.gov.vn,102
hoinhabaotuyenquang.org.vn,102
hungyen.gov.vn,102
hungyentv.vn,102
ipa.quangtri.gov.vn,102
khanhhoanews.vn,102
kiengiang.gov.vn,102
kontum.gov.vn,102
ktv.org.vn,102
la34.com.vn,102
lamdong.gov.vn,102
langson.gov.vn,102
laodongbinhduong.org.vn,102
news.baolongan.vn,102
nghean24h.vn,102
ninhthuan.gov.vn,102
phuyen.gov.vn,102
quangbinh.gov.vn,102
quangnam.gov.vn,102
quangtri.gov.vn,102
saigonnews.vn,102
tayninh.gov.vn,102
thaibinh.gov.vn,102
thainguyen.gov.vn,102
thainguyentv.vn,102
thanhhoa.gov.vn,102
thanhphohaiphong.gov.vn,102
thtg.vn,102
thuathienhue.gov.vn,102
thudaumot.binhduong.gov.vn,102
tinhdoankhanhhoa.org.vn,102
tinhuygialai.org.vn,102
tinhuyhaugiang.org.vn,102
truyenhinhdaknong.vn,102
truyenhinhdulich.vn,102
truyenhinhnghean.vn,102
truyenhinhthanhhoa.vn,102
tuyengiaoangiang.vn,102
vanhoanghean.com.vn,102
vinh24h.vn,102
vinhphuc.gov.vn,102
vinhphuctv.vn,102
yenbai.noichinh.vn,102
baohungyen.vn,102
baoquankhu4.com.vn,102
dichvucong.binhphuoc.gov.vn,102
dichvucong.baclieu.gov.vn,102
hanoi.gov.vn,102
baophuyen.com.vn,102
cadn.com.vn,102
baotuyenquang.com.vn,102
baobacninh.com.vn,102
baocaobang.vn,102
baoapbac.vn,102
baothainguyen.com.vn,102
baodongthap.com.vn,102
yenbai.gov.vn,102
cstc.cand.com.vn,102
antg.cand.com.vn,102
media.baotayninh.vn,102
cantho.gov.vn,102
mattrantoquoc.vinhphuc.gov.vn,102
e.baonghean.vn,102
truyenhinh.baobinhduong.vn,102
antgct.cand.com.vn,102
pacnam.backan.gov.vn,102
pbgdpl.hanoi.gov.vn,102
dichvucong.thaibinh.gov.vn,102
soyte.hanoi.gov.vn,102
sct.haiduong.gov.vn,102
vpub.cantho.gov.vn,102
stnmt.quangtri.gov.vn,102
khanhhoa.gov.vn,102
backan.gov.vn,102
thixaquangtri.quangtri.gov.vn,102
dakrong.quangtri.gov.vn,102
donghy.thainguyen.gov.vn,102
haibatrung.hanoi.gov.vn,102
hoanghoa.thanhhoa.gov.vn,102
baoanh.baodaknong.org.vn,102
caugiay.hanoi.gov.vn,102
chuongmy.hanoi.gov.vn,102
phuctho.hanoi.gov.vn,102
namsach.haiduong.gov.vn,102
video.baothainguyen.vn,102
congan.haiphong.gov.vn,102
namgiang.quangnam.gov.vn,102
stnmt.kontum.gov.vn,102
fe.thanhtravietnam.vn,102
testweb.quangtri.gov.vn,102
thanhtri.hanoi.gov.vn,102
bavi.hanoi.gov.vn,102
hppc.evn.com.vn,102
giamngheo.mic.gov.vn,102
kontumcity.kontum.gov.vn,102
dichvucong.daklak.gov.vn,102
vov4.vov.vn,102
snnptnt.thanhhoa.gov.vn,102
dinhhoa.thainguyen.gov.vn,102
hdnd.vinhphuc.gov.vn,102
sgddt.dongnai.gov.vn,102
thuongtin.hanoi.gov.vn,102
kttv.thaibinh.gov.vn,102
camlam.khanhhoa.gov.vn,102
myduc.hanoi.gov.vn,102
trieuphong.quangtri.gov.vn,102
hoangmai.hanoi.gov.vn,102
sogtvt.vinhphuc.gov.vn,102
quocoai.hanoi.gov.vn,102
dfa.hanoi.gov.vn,102
vpubnd.haiduong.gov.vn,102
sokhcn.vinhphuc.gov.vn,102
congan.phuyen.gov.vn,102
namtuliem.hanoi.gov.vn,102
chauphu.angiang.gov.vn,102
danphuong.hanoi.gov.vn,102
thanhxuan.hanoi.gov.vn,102
socson.hanoi.gov.vn,102
hoaiduc.hanoi.gov.vn,102
songcong.thainguyen.gov.vn,102
vonhai.thainguyen.gov.vn,102
thanhoai.hanoi.gov.vn,102
vinhyen.vinhphuc.gov.vn,102
tnmt.yenbai.gov.vn,102
badinh.hanoi.gov.vn,102
sotnmt.vinhphuc.gov.vn,102
donganh.hanoi.gov.vn,102
sogd.hanoi.gov.vn,102
dienkhanh.khanhhoa.gov.vn,102
congthuong.hanoi.gov.vn,102
congbao.nghean.gov.vn,102
skhcn.kontum.gov.vn,102
sknc.qdnd.vn,102
thoxuan.thanhhoa.gov.vn,102
phuxuyen.hanoi.gov.vn,102
nhatrang.khanhhoa.gov.vn,102
sonoivu.vinhphuc.gov.vn,102
hoankiem.hanoi.gov.vn,102
hailang.quangtri.gov.vn,102
sogtvt.hanoi.gov.vn,102
binhlong.binhphuoc.gov.vn,102
vinhlinh.quangtri.gov.vn,102
vanninh.khanhhoa.gov.vn,102
sontay.hanoi.gov.vn,102
stnmt.binhphuoc.gov.vn,102
khanhvinh.khanhhoa.gov.vn,102
soxaydung.quangtri.gov.vn,102
svhtt.khanhhoa.gov.vn,102
ngoclac.thanhhoa.gov.vn,102
sogddt.angiang.gov.vn,102
gialam.hanoi.gov.vn,102
tnmt.haiduong.gov.vn,102
thangbinh.quangnam.gov.vn,102
ngochoi.kontum.gov.vn,102
doanhnghiep.vinhphuc.gov.vn,102
konray.kontum.gov.vn,102
sotttt.vinhphuc.gov.vn,102
sokhdt.vinhphuc.gov.vn,102
vanban.hanoi.gov.vn,102
dongxoai.binhphuoc.gov.vn,102
hoinongdan.thanhhoa.gov.vn,102
songv.vinhphuc.gov.vn,102
hatrung.thanhhoa.gov.vn,102
cuoi.tuoitre.vn,102
samson.thanhhoa.gov.vn,102
sotainguyenmt.angiang.gov.vn,102
camlo.quangtri.gov.vn,102
locninh.binhphuoc.gov.vn,102
solaodong.hanoi.gov.vn,102
1400.vn,103
2game.vn,103
360game.vn,103
affcup.bongdaplus.vn,103
alobacsi.com,103
amp.dantri.com.vn,103
amthucvietnam.com.vn,103
anninhthegioi.vn,103
atgt.vn,103
auditnews.vn,103
autodaily.vn,103
autoexpress.vn,103
autopress.vn,103
autopro.com.vn,103
baogiaothong.vn,103
baophunuthudo.vn,103
baosuckhoecongdong.vn,103
baovemoitruong.org.vn,103
batdongsan.com.vn,103
bazaarvietnam.vn,103
bizlive.vn,103
bongdanet.vn,103
bongdaphui.net,103
bongdapro.vn,103
brandsvietnam.com,103
btv.org.vn,103
cafebiz.vn,103
cafef.vn,103
cafeland.vn,103
canhtranhquocgia.vn,103
cantho24h.com.vn,103
canthotv.vn,103
caobangtv.vn,103
cartimes.vn,103
chg.vn,103
chungta.vn,103
clip.cand.com.vn,103
congnghe.vn,103
cosmolife.vn,103
ctvcamau.vn,103
cungcau.vn,103
cuoituan.tuoitre.vn,103
dantocmiennui.vn,103
dautu.quangbinh.gov.vn,103
dautubds.baodautu.vn,103
dep.com.vn,103
dep365.com,103
dhtn.ttxvn.org.vn,103
diaoc.nld.com.vn,103
dienanh.net,103
dienbientv.vn,103
dnrtv.org.vn,103
dntm.vn,103
doanhnghiepdautu.net,103
doanhnghiepthuonghieu.vn,103
doanhnghieptrunguong.vn,103
doanhnghiepvn.vn,103
doanhnhan.vn,103
doanhnhanonline.com.vn,103
doanhnhanplus.vn,103
doanthanhnien.vn,103
doisongplus.vn,103
doisongtieudung.vn,103
doisongvietnam.vn,103
dothi.net,103
dothi.reatimes.vn,103
drt.danang.vn,103
dtck.vn,103
duhoc.dantri.com.vn,103
dukhach.quangbinh.gov.vn,103
dulich.dantri.com.vn,103
dulich.laodong.vn,103
dulich.petrotimes.vn,103
dulich.thethaovanhoa.vn,103
dulichgiaitri.com,103
dulichninhbinh.com.vn,103
_x0008_dulichvietnam.com.vn,103
dulichvn.org.vn,103
dzogame.vn,103
echip.com.vn,103
elleman.vn,103
emdep.vn,103
english.vietnamnet.vn,103
enternews.vn,103
eva.vn,103
evn.com.vn,103
fica.vn,103
game.kienthuc.net.vn,103
gamehub.vn,103
gamek.vn,103
gamesao.vietnamnet.vn,103
gdpl.vn,103
genk.vn,103
giacngo.vn,103
giadinhmoi.vn,103
giaoduc.net.vn,103
giaoducthoidai.vn,103
guu.vn,103
hanghoathuonghieuhn.vn,103
hanoi.vietnamplus.vn,103
hc.qdnd.vn,103
hcmcpv.org.vn,103
healthplus.vn,103
herworldvietnam.vn,103
hoahau.tienphong.vn,103
hoahoctro.vn,103
hochiminh.vn,103
ictpress.vn,103
ictvietnam.vn,103
infogame.vn,103
ione.vnexpress.net,103
kenhthoitiet.vn,103
khampha.vn,103
khoahocdoisong.vn,103
khoahocvacongnghevietnam.com.vn,103
khoe360.tienphong.vn,103
khoe365.nguoiduatin.vn,103
kientrucvietnam.org.vn,103
kinhdoanhvaphattrien.vn,103
kinhdoanhvatiepthi.vn,103
kinhteso.viettimes.vn,103
kynguyenso.plo.vn,103
langmoi.vn,103
laodongnghean.vn,103
laodongtre.laodong.vn,103
laodongxahoi.net,103
longbien.hanoi.gov.vn,103
lsvn.vn,103
luxury-inside.vn,103
maskonline.vn,103
media.chinhphu.vn,103
megafun.vn,103
mevacon.com.vn,103
mientrung.vanhien.vn,103
mofa.gov.vn,103
moha.gov.vn,103
moit.gov.vn,103
moitruong.net.vn,103
moitruongvadothi.vn,103
motthegioi.vn,103
mst.danviet.vn,103
mtv.vn,103
myclip.vn,103
nangluongquocte.petrotimes.vn,103
nangluongsachvietnam.vn,103
nbtv.vn,103
ndh.vn,103
news.otos.vn,103
nghenhinvietnam.vn,103
ngoisao.net,103
nguoidothi.net.vn,103
nguoiduatin.vn,103
nhadat.tuoitre.vn,103
nhanong.com.vn,103
nhaquanly.vn,103
nhipcaudautu.vn,103
nhipsongkinhte.com,103
nhipsongkinhte.ttvn.vn,103
nhipsongthoidai.com.vn,103
ninhhoa.khanhhoa.gov.vn,103
nongnghiep.vn,103
npc.com.vn,103
nss.vn,103
pay.vietnamplus.vn,103
petrotimes.vn,103
petrotimesgate.petrotimes.vn,103
petrovietnam.petrotimes.vn,103
phapluat.tuoitrethudo.com.vn,103
phapluat.vn,103
phapluatbandoc.giadinh.net.vn,103
phapluatdansinh.phapluatxahoi.vn,103
phapluatnet.nguoiduatin.vn,103
phapluatplus.vn,103
phaply.net.vn,103
phuongnam.reatimes.vn,103
phuongnamplus.vn,103
pose.vn,103
quangtritv.vn,103
quankhu2.vn,103
quankhu3.vn,103
quehuongonline.vn,103
quochoi.vn,103
radio.voh.com.vn,103
realsv.qdnd.vn,103
reatimes.vn,103
saigondautu.com.vn,103
sao.baophapluat.vn,103
saostar.vn,103
sgtiepthi.vn,103
sohoa.net,103
sohuutritue.net.vn,103
songmoi.vn,103
special.vietnamplus.vn,103
stockbiz.vn,103
stylenews.vn,103
suckhoemoitruong.com.vn,103
tapchicaosu.vn,103
tapchikientruc.com.vn,103
tapchinganhang.com.vn,103
tapchiqptd.vn,103
tapchitaichinh.vn,103
tapchitoaan.vn,103
tbck.vn,103
tcdulichtphcm.vn,103
tcnn.vn,103
techtimes.vn,103
teen360.muctim.com.vn,103
tgs.vn,103
thanhdoanhanoi.gov.vn,103
thanhgiong.vn,103
thegioidienanh.vn,103
thegioidisan.vn,103
thegioinganhang.vn,103
thegioitre.vn,103
thiduakhenthuongvn.org.vn,103
thitruong.tuoitre.vn,103
thitruongtaichinh.vn,103
thitruongtaichinhtiente.vn,103
thongtincongnghe.com,103
thuonggiathitruong.vn,103
thuysanvietnam.com.vn,103
tiasang.com.vn,103
tieudung.vn,103
tindiaoc.vn,103
tinmoitruong.vn,103
tinnhanhchungkhoan.vn,103
tinnhanhonline.nguoiduatin.vn,103
tinnong.thanhnien.vn,103
tinthethao.com.vn,103
tochucnhanuoc.gov.vn,103
trainghiemso.vn,103
trangtraiviet.vn,103
traveltimes.vn,103
ttvn.vn,103
tuanbaovannghetphcm.vn,103
tuyensinh.dantri.com.vn,103
tuyensinh.tuoitre.vn,103
tv.congly.vn,103
vanhien.vn,103
vannghequandoi.com.vn,103
vdi.org.vn,103
video.infonet.vn,103
video.thanhnien.vn,103
video.viettimes.vn,103
vieclam.laodong.com.vn,103
vietdaily.vn,103
vietkieu.vietnamplus.vn,103
vietnamdaily.net.vn,103
vietnamfinance.vn,103
vietnamtourism.gov.vn,103
vietq.vn,103
vietstock.vn,103
vnca.cand.com.vn,103
vnews.gov.vn,103
vnews.vnanet.vn,103
vnmedia.vn,103
vothuat.vn,103
vovgiaothong.vn,103
vpcp.chinhphu.vn,103
vtr.org.vn,103
vtv8.vtv.vn,103
webthethao.vn,103
worldcup.dantri.com.vn,103
worldcup.thethaovanhoa.vn,103
lofficiel.vn,103
xahoithongtin.vnmedia.vn,103
xahoivn.net,103
xe.baogiaothong.vn,103
xe.nguoiduatin.vn,103
xedoisong.vn,103
xemgame.com,103
xevathethao.vn,103
yan.thethaovanhoa.vn,103
ttvn.toquoc.vn,103
nghean.gov.vn,103
nhipsongkinhte.toquoc.vn,103
hoahoctro.tienphong.vn,103
nhipsongviet.toquoc.vn,103
nongthonviet.com.vn,103
doanhnhansaigon.vn,103
svvn.tienphong.vn,103
thethao.tuoitre.vn,103
dulich.tuoitre.vn,103
congnghe.tuoitre.vn,103
amp.nguoiduatin.vn,103
antt.nguoiduatin.vn,103
tv.plo.vn,103
phunu.nld.com.vn,103
amp.baodautu.vn,103
etime.danviet.vn,103
phununews.nguoiduatin.vn,103
batdongsan.petrotimes.vn,103
mthethao.sggp.org.vn,103
vieclam.tuoitre.vn,103
covid-19.kontum.gov.vn,103
hcm.thanhnienviet.vn,103
vanhoa.evn.com.vn,103
ictnews.vn,103
phatgiao.ngaynay.vn,103
dulich.baobinhthuan.com.vn,103
custa.cantho.gov.vn,103
24h.com.vn,104
2saigon.vn,104
afamily.vn,104
video.afamily.vn,104
baomoi.com,104
diendandautu.vn,104
doanhnghiephoinhap.vn,104
doanhnhandoisong.vn,104
kenh14.vn,104
kinhdoanhnet.vn,104
soha.vn,104
thegioihoinhap.vn,104
thethao247.vn,104
thuongtruong24h.vn,104
tintucvietnam.vn,104
vietnambiz.vn,104
vnreview.vn,104
yan.vn,104
yeah1.com,104
bongda24h.vn,104
amp.24h.com.vn,104
s.cafef.vn,104
video.kenh14.vn,104
24htintuc.vn,105
2sao.vn,105
antt.vn,105
baovenguoitieudung.net,105
biztek.vn,105
camnanggiadinh.com.vn,105
camnangyduoc.vn,105
dailo.vn,105
daklak24h.com.vn,105
diadiemanuong.com,105
doanhnghiepphattrien.vn,105
doanhnghiepvathuonghieu.org,105
doanhnghiepvathuonghieu.vn,105
_x0008_doisongphapluat.com,105
dongbang.vn,105
giadinhviet.net,105
hatgiongtamhon.vn,105
hoinguoicaotuoi.vn,105
hoinhabaovietnam.vn,105
ilike.com.vn,105
kenhthongtinthitruong.vn,105
kenhtuyensinh.vn,105
khamphahue.com.vn,105
kinhtemoitruong.vn,105
kinhtenet.vn,105
kinhtenongthon.vn,105
kyluc.vn,105
lag.vn,105
lamchame.vn,105
landtoday.net,105
laodongxahoionline.vn,105
mecon.vn,105
monngonplus.vn,105
netcodo.com.vn,105
netnews.vn,105
news.skydoor.net,105
ngaymoionline.com.vn,105
ngaymoionline.vn,105
ngoisao.vn,105
nguoihanoi.com.vn,105
nguoilambao.vn,105
nguoilambaothanhhoa.vn,105
nguoithanhthi.vn,105
nguoitieudung.vn,105
nhadautu.vn,105
openstock.vn,105
phapluatmoitruong.vn,105
phongcachla.vn,105
phunuhiendai.com.vn,105
phunungaynay.vn,105
phunuonline.net,105
phunuphapluat.vn,105
queminhngaymoi.vn,105
saigontiepthi.vn,105
saoexpress.vn,105
songlamplus.vn,105
sr.com.vn,105
taichinhcuocsong.vn,105
taichinhvietnam.net.vn,105
techsignin.com,105
techz.vn,105
thainguyen.tintuc.vn,105
thiennhien.net,105
thoimoi.vn,105
tiin.vn,105
tinmoi.vn,105
tinmoi24.vn,105
tinnhanhnhadat.vn,105
tintuc.com.vn,105
tintuconline.com.vn,105
tintucsaigon.com.vn,105
vcci.com.vn,105
vicongly.com,105
vietbao.vn,105
vietnamfdi.vn,105
vietnammoi.vn,105
vietpress.vn,105
vinacorp.vn,105
vinanet.vn,105
vnfinance.vn,105
we25.vn,105
xehay.vn,105
xunghe24h.com,105
yeugiadinh.vn,105
vietgiaitri.com,105
docbao.vn,105
phunutoday.vn,105
tintuc.vn,105
game8.vn,105
amp.docbao.vn,105
amp.tinmoi.vn,105
amp.techz.vn,105
cophieu68.vn,105
travinh.tintuc.vn,105
me.phununet.com,105
sgtt.com.vn,105